_id,selected,cluster,seq,gender,transmission risk,subtype,Co-infection with other STIs,Diagnosis date,ipstart,ipend,age,zip
KF773425,FALSE,0,aatttggccttccaacaaggggaggccagggaatttccttcagagcag---------------------------------actagagccaacagccccaccagcagagagcttcaagttcgaggagacaacccc---------------------tgctccaaagcaggaatcgaaagacaaggaaccacccttaacttccctcaaatcactctttggcagcgaccccttgtctcaataaaagtagggggccagataaaggaagctctcttagatacgggagcagatgatacagtattagaagaattaaatttgccaggaaaatggaaaccaaaaatgataggaggaattggaggttttatcaaagtaagacagtatgatcaaatagttatagaaatttgtgggaaaaaagctataggttcagtattagtaggacctacacctgtcaacataattggaagaaatatgttgactcagcttggatgcacactaaattttccaattagtcccattgagactgtaccagtaaaattaaagccaggaatggatggcccaaaggttaaacaatggccattgacagaagaaaaaataaaagcattaacagcgatttgtgaagaaatggaaaaggaaggaaaaattacaaaaattgggcctgaaaatccatataacactccagtatttgccataaaaaagaaggacagtactaagtggagaaaattagtagatttcagggaactcaataaaagaactcaagacttttgggaagttcaattaggaataccacacccagcagggttaaaaaagaagaagtcagtgacagtactggatgtgggggatgcatacttttcagttcctttagatgaaagcttcaggaaatatactgcattcaccatacctagtataaacaatgaaacaccagggattagatatcaatataatgtacttccacagggatggaaaggatcaccagcaatattccagagcagcatgataaaaatcttagagccctttaggacacaaaacccagacatagttatctatcaatatatggatgacttgtatgtaggatctgacttagaaatagggcaacatagagcaaaaatagaggagttaagagaacatttattgaggtggggatttaccactccagacaagaaacatcagaaagaacccccatttctgtggatggggtatgaactccatcctgacaaatggacagtacagcctatacatctgccagaaaaagagagctggactgtcaatgatatacagaagttagtgagaaaattaaattgggcaagtcagatttacccagggattaaagtaaggcaactatgtaaactccttaggggagtcaaagcactaacagacatagtaccactgactgaagaagcagaattagaattggcagagaacagggaaattctaaaagaaccagtacatggagtatattatggcccatca-,F,PWID,C,N,7/4/2007,7/26/2013,11/27/2014,40,47112
KF773426,FALSE,0,aatttggccttccaacaaggggaggccagggaatttccttcagagcag---------------------------------actagagccaacagccccaccagcagagagcttcaagttcgaggagacaacccc---------------------tgctccaaagcaggaatcgaaagacaaggaaccacccttaacttccctcaaatcactctttggcagcgaccccttgtctcaataaaagtagggggccagataaaggaagctctcttagatacaggagcagatgatacagtattagaagaattaaatttgccaggaaaatggaaaccaaaaatgataggaggaattggaggttttatcaaagtaagacagtatgatcaaatagttatagaaatttgtgggaaaaaagctataggttcagtattagtaggacctacacctgtcaacataattggaagaaatatgttgactcagcttggatgcacactaaattttccaattagtcccattgagactgtaccagtaaaattaaagccaggaatggatggcccaaaggttaaacaatggccattgacagaagaaaaaataaaagcattaacagcaatttgtgaagaaatggaaaaggaaggaaaaattacaaaaattgggcctgaaaatccatataacactccagtatttgccataaaaaagaaggacagtactaagtggaggaaattagtagatttcagggaactcaataaaagaactcaagacttttgggaagttcaattaggaataccacacccagcagggttaaaaaagaagaagtcagtgacagtgctggatgtgggggatgcatacttttcagttcctttagatgaaagcttcaggaaatatactgcattcaccatacctagtataaacaatgaaacaccggggattagatatcaatataatgtacttccacagggatggaaaggatcaccagcaatattccagagtagcatgataaaaatcttagagccctttaggacacaaaacccagacatagttatctatcaatatatggatgacttgtatgtaggatctgacttagaaatagggcaacatagagcaaaaatagaggagttaagagaacatttattgaggtggggatttaccactccagacaagaaacatcagaaagaacccccatttctgtggatggggtatgaactccatcctgacaaatggacagtacagcctatacatctgccagaaaaagagagctggactgtcaatgatatacagaagttagtgggaaaattaaactgggcaagtcagatttacccagggattaaagtaaggcaactatgtaaactccttagaggagccaaagcactaacagacatagtaccactgactgaagaagcagaattagaattggcagagaacagggaaattctaaaagaaccagtacatggagtatattatgacccatca-,F,HET,C,N,8/1/2007,1/28/2014,7/14/2014,47,47112
KF773427,FALSE,0,aatttggccttccaacaaggggaggccagggaatttccttcagagcag---------------------------------actagagccaacagccccaccagcagagagcttcaagttcgaggagacaacccc---------------------tgctccaaagcaggaatcgaaagacagggagccacccttaacttccctcaaatcactctttggcagcgaccccttgtctcaataaaagtagggggcccgataaaggaagctctcttagatacaggagcagatgatacagtattagaagaattaaatttgccaggaaaatggaaaccaaaaatgataggaggaattggaggttttatcaaagtaagacagtatgatcaaatagttatagaaatttgtgggaaaaaagctataggttcagtattagtaggacctacacctgtcaacataattggaagaaatatgttgactcagcttggatgcacactaaattttccaattagtcccattgagactgtaccagtaaaattaaagccaggaatggatggcccaaaagttaaacaatggccattgacagaagaaaaaataaaagcattaacagcaatttgtgaagaaatggaaaaggaaggaaaaattacaaaaattgggcctgaaaatccatataacactccagtatttgccataaaaaagaaggacagtactaagtggagaaaattagtagatttcagggaactcaataaaggaactcaagacttttgggaagttcaattaggaataccacacccagcagggttaaaaaagaagaagtcagtgacagtgctggatgtgggggatgcatacttttcagttcctttagatgaaagcttcaggaaatatactgcattcaccatacctagtataaacaatgaaacaccagggattagatatcaatataatgtacttccacagggatggaaaggatcaccagcaatattccagagtagcatgataaaaatcttagagccctttaggacacaaaacccagacatagttatctatcaatatatggatgacttgtatgtagaatctgacttagaaatagggcaacatagagcaaaaatagaggagttaagagaacatttattgaggtggggatttaccactccagacaagaaacatcagaaagaacccccatttctgtggatggggtatgaactccatcctgacaaatggacagtacagcctatacatctgccagaaaaagagagctggactgtcaatgatatacagaagttagtgggaaaattaaactgggcaagtcagatttacccagggattaaagtaaggcaactatgtaaactccttagaggagccaaagcactaacagacatagtaccactgactgaagaagcagaattagaattggcagagaacagggaaattctaaaagaaccagtacatggagtatattatgacccatca-,F,PWID,C,N,7/30/2007,5/3/2014,7/29/2014,51,47112
KF773576,FALSE,1,aatctggccttccaacaaggggaggccagggaatttcattcagagcag---------------------------------actagagccaacagccccaccagcagagagcttcaagttcgaggagacaacccc---------------------tgctccgaagcaggaatcgaaagacaaggagccacccttaacttccctcaaatcactctttggcagcgaccccttgtcacaataaaagtagggggccagataaaggaagctctcttagatacaggagcagatgatacagtattagaagaattaaatctgccaggaaaatggaaaccaaaaatgataggaggaattggaggttttatcaaagtaagacaatatgatcaaatagttatagaaatttgtgggaaaaaagctataggttcagtattagtaggacctacacctgtcaacataattggaagaaatatgttgactcagcttggatgtacactaaattttccaattagtcccattgagactgtaccagtaaaattaaagccaggaatggatggcccaaaagttaaacaatggccattgacagaagaaaaaataaaagcattaacagcaatttgtgaagaaatggaaaaggaaggaaaaattacaaaaattgggcctgaaaatccatataacactccaatatttgccataaaaaagaaggacagtactaaatggaggaaattagtagatttcagggaactcaataaaagaactcaagacttttgggaagttcaattaggaataccacacccagcagggttaaaaaagaaaaagtcagtgacagtgctggatgtgggggatgcatatttttcagttcctttagatgaaagcttcaggaaatatactgcattcaccatacctagtataaacaatgaaacaccagggattagatatcaatataatgtacttccacaaggatggaaaggatcaccagcaatattccagagtagcatgacaaaaatcttagagccctttaggacacaaaacccagacatagttatctatcaatatatggatgacttgtgtgtaggatctgacttagaaatagggcaacatagagcaaaaatagaggagttaagagaacatttattgaggtggggatttaccactccagacaagaaacatcagaaagaatccccatttctgtggatggggtatgaactccatcctgacaaatggacagtacagcctataaatctgccagaaaaagagagctggactgtcaatgatatacagaagttagtgggaaaattaaactgggcaagtcagatttacccagggattaaagtaagacaactatgtaaactccttagaggagccaaagcactaacagacatagtaccactgactgaagaagcagaattagaattggcagagaacagggaaattctaaaagaaccagtacatggggtatattatgacccatca-,M,PWID,B,N,4/29/2005,12/27/2007,6/2/2009,37,47112
KF773578,FALSE,1,aatctggccttccaacaaggggaggccagggaatttcattcagagcag---------------------------------actagagccaacagccccaccagcagagagcttcaagttcgaggagacaacccc---------------------tgctccgaagcaggaatcgaaagacaaggagccacccttaacttccctcaaatcactctttggcagcgaccccttgtcacaataaaagtagggggccagataaaggaagctctcttagatacaggagcagatgatacagtattagaagaattaaatctgccaggaaaatggaaaccaaaaatgataggaggaattggaggttttatcaaagtaagacaatatgatcaaatagttatagaaatttgtgggaaaaaagctataggttcagtattagtaggacctacacctgtcaacataattggaagaaatatgttgactcagcttggatgtacactaaattttccaattagtcccattgagactgtaccagtaaaattaaagccaggaatggatggcccaaaagttaaacaatggccattgacagaagaaaaaataaaagcattaacagcaatttgtgaagaaatggaaaaggaaggaaaaattacaaaaattgggcctgaaaatccatataacactccaatatttgccataaaaaagaaggacagtactaaatggaggaaattagtagatttcagggaactcaataaaagaactcaagacttttgggaagttcaattaggaataccacacccagcagggttaaaaaagaaaaagtcagtgacagtgctggatgtgggggatgcatatttttcagttcctttagatgaaagcttcaggaaatatactgcattcaccatacctagtataaacaatgaaacaccagggattagatatcaatataatgtacttccacaaggatggaaaggatcaccagcaatattccagagtagcatgacaaaaatcttagagccctttaggacacaaaacccagacatagttatctatcaatatatggatgacttgtatgtaggatctgacttagaaatagggcaacatagagcaaaaatagaggagttaagagaacatttattgaggtggggatttaccactccagacaagaaacatcagaaagaacccccatttctgtggatggggtatgaactccatcctgacaaatggacagtacagcctataaatctgccagaaaaagagagctggactgtcaatgatatacagaagttagtgggaaaattaaactgggcaagtcagatttacccagggattaaagtaagacaactatgtaaactccttagaggagccaaagcactaacagacatagtaccactgactgaagaagcagaattagaattggcagagaacagggaaattctaaaagaaccagtacatggggtatattatgacccatca-,M,MSM-PWID,B,N,3/27/2005,Tue Oct 28 2003 00:00:00 GMT-0500 (Eastern Standard Time),Sun Jun 06 2004 00:00:00 GMT-0400 (Eastern Daylight Time),52,47112
KF773571,FALSE,1,aatctggccttccaacaaggggaggccagggaatttcattcagagcag---------------------------------actagagccaacagccccaccagcagagagcttcaagttcgaggagacaacccc---------------------tgctccgaagcaggaatcgaaagacaaggagccacccttaacttccctcaaatcactctttggcagcgaccccttgtcacaataaaagtagggggccagataaaggaagctctcttagatacaggagcagatgatacagtattagaagaattaaatctgccaggaaaatggaaaccaaaaatgataggaggaattggaggttttatcaaagtaagacaatatgatcaaatagttatagaaatttgtgggaaaaaagctataggttcagtattagtaggacctacacctgtcaacataattggaagaaatatgttgactcagcttggatgtacactaaattttccaattagtcccattgagactgtaccagtaaaattaaagccaggaatggatggcccaaaagttaaacaatggccattgacagaagaaaaaataaaagcattaacagcaatttgtgaagaaatggaaaaggaaggaaaagttacaaaaattgggcctgaaaatccatataacactccaatatttgccataaaaaagaaggacagtactaaatggaggaaattagtagatttcagggaactcaataaaagaactcaagacttttgggaagttcaattaggaataccacacccagcagggttaaaaaagaaaaagtcagtgacagtgctggatgtgggggatgcatatttttcagttcctttagatgaaagcttcaggaaatatactgcattcaccatacctagtataaacaatgaaacaccagggattagatatcaatataatgtacttccacaaggatggaaaggatcaccagcaatattccagagtagcatgacaaaaatcttagagccctttaggacacaaaacccagacatagttatctatcaatatatggatgacttgtatgtaggatctgacttagaaatagggcaacatagagcaaaaatagaggagttaagagaacatttattgaggtggggatttaccactccagacaagaaacatcagaaagaacccccatttctgtggatggggtatgaactccatcctgacaaatggacagtacagcctataaatctgccagaaaaagagagctggactgtcaatgatatacagaagttagtgggaaaattaaactgggcaagtcagatttacccagggattaaagtaagacaactatgtaaactccttagaggagccaaagcactaacagacatagtaccactgactgaagaagcagaattagaattggcagagaacagggaaattctaaaagaaccagtacatggggtatattatgacccatca-,M,PWID,B,Y,9/25/2005,6/13/2004,10/10/2004,33,47112
KF773579,FALSE,1,aatctggccttccaacaaggggaggccagggaatttcattcagagcag---------------------------------actagagccaacagccccaccagcagagagcttcaagttcgaggagacaacccc---------------------tgctccgaagcaggaatcgaaagacaaggagccacccttaacttccctcaaatcactctttggcagcgaccccttgtcacaataaaagtagggggccagataaaggaagctctcttagatacaggagcagatgatacagtattagaagaattaaatctgccaggaaaatggaaaccaaaaatgataggaggaattggaggttttatcaaagtaagacaatatgatcaaatagttatagaaatttgtgggaaaaaagctataggttcagtattagtaggacctacacctgtcaacataattggaagaaatatgttgactcagcttggatgtacactaaattttccaattagtcccattgagactgtaccagtaaaattaaagccaggaatggatggcccaaaagttaaacaatggccattgacagaagaaaaaataaaagcattaacagcaatttgtgaagaaatggaaaaggaaggaaaaattacaaaaattgggcctgaaaatccatataacactccaatatttgccataaaaaagaaggacagtactaaatggaggaaattagtagatttcagggaactcaataaaagaactcaagacttttgggaagttcaattaggaataccacacccagcagggttaaaaaagaaaaagtcagtgacagtgctggatgtgggggatgcatatttttcagttcctttagatgaaagcttcaggaaatatactgcattcaccatacctagtataaacaatgaaacaccagggattagatatcaatataatgtacttccacaaggatggaaaggatcaccagcaatattccagagtagcatgacaaaaatcttagagccctttaggacacaaaacccagacatagttatctatcaatatatggatgacttgtatgtaggatctgacttagaaatagggcaacatagagcaaaaatagaggagttaagagaacatttattgaggtggggatttaccactccagacaagaaacatcagaaagaacccccatttctgtggatggggtatgaactccatcctgacaaatggacagtacagcctataaatctgccagaaaaagagagctggactgtcaatgatatacagaagttagtgggaaaattaaactgggcaagtcagatttacccagggattaaagtaagacaactatgtaaactccttagaggagccaaagcactaacagacatagtaccactgactgaagaagcagaattagaattggcagagaacagggaaattctaaaagaaccagtacatggggtacattatgacccatca-,M,MSM,B,N,8/7/2005,Tue Oct 28 2003 00:00:00 GMT-0500 (Eastern Standard Time),Sun Jun 06 2004 00:00:00 GMT-0400 (Eastern Daylight Time),52,47112
KF773429,FALSE,2,aatttggccttcccacaaggggaggccagggaatttcattcagaacag---------------------------------actagagccaacagccccaccagcagagagcttcaagttcgaggagacaacccc---------------------tgctccgaagcaggaatcgaaggacaaggagccacccttaacttccctcaaatcactctttggcagcgaccccttgtcacaataaaagtagggggccaaataaaggaagctctcttagatacaggagcagatgatacagtattagaagaattaaatttgccaggaaaatggaaaccaaaaatgataggaggaattggaggttttatcaaagtaagacagtatgatcaaatagttatagaaatttgtgggaaaaaagctataggttcagtattagtaggacctacacctgtcaacataattggaagaaatatgttgactcagcttggatgcacactaaattttccaattagtcccattgagactgtaccagtaaaattaaagccaggaatggatggcccaaaagttaaacaatggccattgacagaagaaaaaataaaagcattaacagaaatttgtgaagaactagaaaaggatggaaaaattacaaaaattgggcctgacaatccatataacactccagtatttgccataaaaaagaaggacagtactaagtggagaaaattagtagatttcagggaactcaataaaagaactcaagacttttgggaagtccaattaggaataccacacccagcagggttaaaaaagaaaaagtcagtgacagtgctggatgtgggggatgcatatttttcaattcctttagatgagagcttcaggaaatatactgcattcaccatacctagtataaacaatgaaacaccagggattagatatcaatataatgtacttccacagggatggaaaggatcaccagcaatattccagagtagcatgacaaaaatcttagagccctttaggacaaaaaaccctgacatagttatctatcaatatatggatgacttgtatgtaggatctgacttagaaatagggcaacatagagcaaaaatagaggagttaagagaacatttatggaggtggggattttacactccagacaagaaacatcagaaagaacccccatttctgtggatggggtatgaactccatcctgacaaatggacagtacagcctataaagctgccagaaaaggaaagctggactgtcaatgatatacagaagttagtgggaaaattaaactgggcaagtcaaatttacccagggattaaagtaaggcaactatgtaaactccttagaggagccaaagcactaacagacatagtaccactgactgaagaagcagaattagaattggcagagaacagggaaattctaaaagaaccagtacatggggtatattatgacccatca-,F,PWID,D,N,10/1/2014,6/23/2014,10/23/2014,41,40117
KF773430,FALSE,2,aatctggccttccaacaaggggaggccagggaatttcattcagagcag---------------------------------actagagccaacagccccaccagcagagagcttcaagttcgaggagacaacccc---------------------tgctccgaagcaggaatcgaaggacaaggagccacccttaacctccctcaaatcactctttggcagcgaccccttgtcacaataaaagtagggggccaaataaaggaagctctcttagatacaggagcagatgatacagtattagaagaattaaatctgccaggaaaatggaaaccaaaaatgataggaggaattggaggttttatcaaagtaagacagtatgatcaaatagttatagaaatttgtgggaaaaaagctgtaggttcagtattagtaggacctacacctgtcaacataattggaagaaatatgttgactcagcttggatgtacactaaattttccaattagtcccattgagactgtaccagtaaaattaaagccaggaatggatggcccaaaagttaaacaatggccattgacagaagaaaaaataaaagcattaacagaaatttgtgaagaactggaaaaggatggaaaaattacaaaaattgggcctgacaatccatataacactccagtatttgccataaaaaagaaggacagtactaagtggagaaaattagtagatttcagggaactcaataaaagaactcaagacttttgggaagttcaattaggaataccacacccagcagggttaaaaaagaagaagtcagtgacagtactagatgtgggggatgcatatttttcagttcctttagatgaaagcttcaggaaatatactgcattcaccatacctagtataaacaatgaaacaccagggattagatatcaatataatgtacttccacaaggatggaaaggatcaccagcaatattccagagtagcatgacaaaaatcttagagccctttaggacaaaaaaccctgacatagttatctatcaatatatggatgacttgtatgtaggatctgacttagaaatagggcaacatagagcaaaaatagaggagttaagagaacatttatggaagtggggattttacactccagacaagaaacatcagaaagaacccccatttctgtggatggggtatgaactccatcctgacaaatggacagtacagcctataaagctgccagaaaaagagagctggactgtcaatgatatacagaagttagtgggaaaattaaactgggcaagtcagatttacccagggattaaagtaaggcaactatgtaaactccttagaggagccaaagcactaacagacatagtaccactgactgaagaagcagaattagaattggcagaaaacagggaaattctaaaagaaccagtacatggggtatattatgacccatca-,F,PWID,D,N,9/24/2014,Tue Oct 28 2003 00:00:00 GMT-0500 (Eastern Standard Time),Sun Jun 06 2004 00:00:00 GMT-0400 (Eastern Daylight Time),50,40117
KF773431,FALSE,2,aatctggccttccaacaaggggaggccagggaatttcattcagaacag---------------------------------actagagccaacagccccaccagcagagagcttcaagttcgaggagacaacccc---------------------tgctccgaagcaggaatcgaaggacaaggagccacccttaacttccctcaaatcactctttggcagcgaccccttgtcacaataaaagtagggggccagataaaggaagctctcttagatacaggagcagatgatacagtattagaagaattaaatctgccaggaaaatggaaaccaaaaatgataggaggaattggaggttttatcaaagtaagacaatatgatcaaatagttatagaaatttgtgggaaaaaagctataggttcagtattagtaggacctacacctgtcaacataattggaagaaatatgttgactcagcttggatgtacactaaattttccaattagtcccattgagactgtaccagtaaaattaaagccaggaatggatggcccaaaagttaaacaatggccattgacagaagaaaaaataaaagcattaacagaaatttgtgaagaactggaaaaggaaggaaaaattacaaaaattgggcctgaaaatccatataacactccaatatttgccataaaaaagaagaacagtactaagtggagaaaattagtagatttcagggaactcaataaaagaactcaagacttttgggaagttcaattaggaataccacacccagcagggttaaaaaagaagaagtcagtgacagtactggatgtgggggatgcctacttttcagttcctttagatgaaagcttcaggaagtatactgcattcaccatacctagtataaacaatgaaacaccagggattagatatcaatataatgtacttccacagggatggaaaggatcaccagcaatattccagagtagcatgacaaaaatcttagagccctttaggacaaaaaacccagacatagttatctatcaatatatggatgacttgtatgtaggatctgacttagaaatagggcaacatagagcaaaaatagaggagttaagagaacatttatggaggtggggattttacactccagacaagaaacatcagaaagaacccccatttctgtggatggggtatgaactccatcctgacaaatggacagtacagcctataaagctgccagaaaaggagagctggactgtcaatgacatacagaagttagtgggaaaattaaactgggcaagtcagatttacccagggattaaagtaaggcaactatgtaaactccttagaggaaccaaagcactaacagacatagtaccactgactgaagaagcagaattagaattggcagagaacagggaaattctaaaagaaccagtacatggggtatattatgacccatca-,F,PWID,D,N,10/26/2014,6/20/2014,12/6/2014,18,40117
KF773432,FALSE,2,aatctggccttccaacaaggggaggccagggaatttcattcagagcag---------------------------------actagagccaacagccccaccagcagagagcttcaagttcgaggagacaacccc---------------------tgctccgaagcaggaatcgaaggacaaggagccacccttaacttccctcaaatcactctttggcagcgaccccttgtcacaataaaagtagggggccagataaaggaagctctcttagatacaggagcagatgatacagtattagaagaattaaatttgccaggaaaatggaaaccaaaaatgataggaggaattggaggttttatcaaagtaagacagtatgatcaaatagttatagaaatttgtgggaaaaaagctataggttcagtattagtaggacctacacctgtcaacataattggaagaaatatgttgactcagcttggatgtacactaaattttccaattagtcccattgagactgtaccagtaaaattaaagccaggaatggatggcccaaaagttaaacaatggccattgacagaagaaaaaataaaagcattaacagaaatttgtgaagaactggaaaaggatggaaaaattacaaaaattgggcctgacaatccatataacactccagtatttgccataaaaaagaaggacagtactaagtggagaaaattagtagatttcagggaactcaataaaagaactcaagacttttgggaagtccaattaggaataccacacccagcagggttaaaaaagaaaaagtcagtgacagtgctggatgtgggggatgcatatttttcaattcctttagatgagagcttcaggaaatatactgcattcaccatacctagtataaacaatgaaacaccagggattagatatcaatataatgtacttccacaaggatggaaaggatcaccagcaatattccagagtagcatgacaaaaatcttagagccctttaggacaaaaaaccctgacatagttatctatcaatatatggatgacttgtatgtaggatctgacttagaaatagggcaacatagaacaaaaatagaggagttaagagaacatttatggaagtggggattttacactccagacaagaaacatcagaaagaacccccatttctgtggatggggtatgaactccatcctgacaaatggacagtacagcctataaagctgccagaaaaggaaagctggactgtcaatgatatacagaagttagtgggaaaattaaactgggcaagtcagatttacccagggattaaggtaaggcaactatgtaaactccttagaggagccaaagcactaacagacatagtaccactgactgaagaagcagaattagaattggcagagaacagggaaattctaaaagaaccagtacatggggtatattatgacccatca-,F,PWID,D,N,8/29/2014,Tue Oct 28 2003 00:00:00 GMT-0500 (Eastern Standard Time),Sun Jun 06 2004 00:00:00 GMT-0400 (Eastern Daylight Time),30,40117
KF773440 ,FALSE,4,aatctggccttccaacaaggggaggccagggaatttcattcagagcag---------------------------------gctagagccaacagccccaccagcagagagcttcaagttcgaggagacaacccc---------------------tgcgccgaagcaggaatcgaaggacaaggagccacccttaacctccctcaaatcactctttggcagcgaccccttgtcacaataaaagtagggggccagataaaggaagctctcttagatacaggagcagatgatacagtattagaagaattaaatttgccaggaaaatggaaaccaaaaatgataggaggaattggaggttttatcaaagtaagacaatatgatcaaatagttatagaaatttgtgggaaaaaagctataggttcagtattagtaggacctacgcctgtcaacataattggaagaaatatgttgactcagcttggatgtacactaaattttccaattagtcccattgagactgtaccagtaaaattaaagccaggaatggatggcccaaaagttaaacaatggccattgacagaagaaaaaataaaagcattaacagaaatttgtgaagaattggaaaaggaaggaaaaatttcaaaaattgggcctgaaaatccatataacactccagtatttgccataaaaaagaaggacagtactaaatggaggaaattagtagatttcagggaactcaataaaagaactcaagacttttgggaagttcaattaggaataccacacccagcagggttaaaaaagaagaagtcagtgacagtactggatgtgggggatgcatatttttcagttcctttagatgaaagcttcaggaaatatactgcattcaccatacctagtataaacaatgaaacaccagggattagatatcaatataatgtacttccacagggatggaaaggatcaccagcaatattccagagtagcatgacaaaaatcttagagccctttaggacaaaaaaccctgacatagttatctatcaatatatggatgacttgtatgtaggatctgacttagaaatagggcaacatagaacaaaaatagaggagttaagagaacatttatggaagtggggattttacactccagacaagaaacatcagaaagaacccccatttctgtggatggggtatgaactccatcctgacaaatggacagtacagcctataaatctgccagaaaaagagagctggactgtcaatgatatacagaagttagtgggaaaattaaactgggcaagtcagatttacccagggattaaagtaaggcaattatgtaaactccttagaggaaccaaagcactaacagacatagtaccactgactgaagaagcagaattagaattggcagagaacagggaaattctaaaagaaccagtacatggggtatattatgacccatca-,F,PWID,C,N,4/27/2015,10/21/2014,5/21/2015,26,40117
KF773476,FALSE,5,aatttggccttccaacaaggggaggccagggaatttcattcagagcag---------------------------------actagagccaacagccccaccagcagagagcttcaagttcgaggagacaacccc---------------------tgctccgaagcaggaatcgaaagacaaggagccacccttaacttctctcaaatcactctttggcagcgaccccttgtcacaataaaagtagggggccaggtaaaggaagctctcttagatacaggagcagatgatacagtattagaagacttaaatttgccaggaaaatggaaaccaaaaatgataggaggaattggaggttttatcaaagtaagacagtatgatcaaatagttatagaaatttgtgggaaaaaagctataggttcagtattagtaggacctacacctgtcaacataattggaaggaatatgttgactcagcttggatgcacactaaattttccaattagtcccattgagactgtaccagtaaaattgaagccaggaatggatggcccaaaagttaaacaatggccattgacagaagaaaaaataaaagcattaacagcaatttgtgaagaaatggaaaaggaaggaaaaattacaaaaattgggcctgaaaatccatataacactccagtatttgctataaaaaagaaggacagtactaaatggaggaaattagtagatttcagggaactcaataaaagaactcaagacttttgggaagtccaattaggaataccacacccagcagggttaaaaaagaaaaagtcagtgacagtgctggatgtgggggatgcatatttttcagttcctttagatgagagcttcaggaaatatactgcattcaccatacctagtataaacaatgaaacaccagggattagatatcaatataatgtacttccacaaggatggaaaggatcaccagcaatattccagagtagcatgacaaaaatcttagagccttttaggacaaaaaacccaaacatagttatctatcagtatatggatgacttgtatgtaggatctgacttagaaatagggcaacatagagcaaaaatagaagagttaagagaacatttattgaagtggggacttaccactccagataagaagcatcagaaagaacccccatttctgtggatggggtatgaactccatcctgacaaatggacagtacagcctataaatctgccagaaaaagagagctggactgtcaatgatatacagaagctagtgggaaaattaaactgggcaagtcagatttacccagggattaaagtaaagcaactatgtaaactccttaggggagccaaagcactaacagacatagtaccactgactgaagaggcagaattagaattggcagagaacagggaaattctaaaagaaccagtacatggagtatattatgacccatca-,F,HET,C,N,6/22/2013,Tue Oct 28 2003 00:00:00 GMT-0500 (Eastern Standard Time),Sun Jun 06 2004 00:00:00 GMT-0400 (Eastern Daylight Time),47,47136
KF773477,FALSE,6,aatttggccttccaacaaggggaggccaggaaatttcattcagagcag---------------------------------actagagccaacagccccaccagcagagagcttcaagttcgaggagacaacccc---------------------tgctccgaagcaggaatcgaaggacaaggagccacccttaacttccctcaaatcactctttggcagcgaccccttgtcacaataaaagtagggggccaggtaatggaagctctcttagatacaggagcagatgatacagtattagaagacataaatttgccaggaaaatggaaaccaaaaatggtaggaggaattggaggttttatcaaagtaagacagtatgatcaaatagttatagaaatttgtgggaaaaaagctatagggtcagtgttagtaggacctacacctgtcaacataattggaaggaatatgttgactcaacttggatgcacactaaattttccaattagtcccattgagactgtaccagtaaaattaaagccaggaatggatggcccaaaagttagacaatggccattgacagaagaaaagataaaagcattaacagcaatttgtgaagaaatggaaaaggaaggaaaaattacaaaaattgggcctgaaaatccatataacactccagtatttgccataaaaaagaaggacagtactaaatggaggaaattagtagatttcagggaactcaataaaagaactcaagacttttgggaagttcaattaggaataccacacccagcagggttaaaaaagaaaaagtcagtgacagtgctagatgtgggggatgcatatttttcagttcctttagataagagctttaggaaatatactgcattcaccatacctagtataaacaatgaaacaccagggatgagatatcaatataatgtacttccacaaggatggaaaggatcaccagcaatattccagagtagcatgacaaaaatcttagagccctttaggacgaaaaacccaaacatagttatctatcaatatatggatgacttgtatgtaggatctgacttagaaatagggcaacatagagcaaaaatagaggagttaagagaacatttattgaagtggggacttaccactccagataagaagcatcagaaagaacccccatttctgtggatggggtatgaactccatcctgacaaatggacagtacagcctataaatctgccagaaaaagaaagctggactgtcaatgatatacagaagttagtgggaaaattaaactgggcaagtcagatttacccagggattaaagtaaagcaactatgtaaactccttaggggagccaaagcactaacagacatagtaccactgactgaagaggcagaattagaattggcagagaacagggaaattctaaaagaaccagtacatggagtatattatgacccatca-,F,PWID,C,N,5/14/2010,Tue Oct 28 2003 00:00:00 GMT-0500 (Eastern Standard Time),Sun Jun 06 2004 00:00:00 GMT-0400 (Eastern Daylight Time),37,47136
